{"stats":{"minecraft:picked_up":{"minecraft:sandstone":1,"minecraft:barrier":1,"minecraft:red_concrete_powder":1,"minecraft:netherite_shovel":1,"minecraft:cake":1,"minecraft:stone_button":3,"minecraft:cobblestone_wall":1,"minecraft:oak_sign":2,"minecraft:dark_oak_sign":3,"minecraft:white_concrete":1,"minecraft:oak_button":1},"minecraft:dropped":{"minecraft:lava_bucket":1,"minecraft:birch_planks":1,"minecraft:red_concrete_powder":1,"minecraft:dark_oak_sign":2,"minecraft:cobblestone_wall":1,"minecraft:cake":1,"minecraft:white_concrete":1,"minecraft:barrier":1,"minecraft:sandstone":1,"minecraft:netherite_shovel":2},"minecraft:used":{"minecraft:oak_log":1,"minecraft:lava_bucket":8,"minecraft:command_block":14,"minecraft:red_concrete":19,"minecraft:birch_planks":55,"minecraft:lantern":12,"minecraft:barrier":78,"minecraft:grass_block":57,"minecraft:armor_stand":2,"minecraft:dark_oak_sign":14,"minecraft:polished_andesite":3,"minecraft:oak_button":2,"minecraft:stone_button":5,"minecraft:oak_sign":3,"minecraft:white_concrete_powder":34,"minecraft:sandstone":103,"minecraft:white_terracotta":6,"minecraft:red_terracotta":74,"minecraft:redstone_block":2,"minecraft:debug_stick":76,"minecraft:white_wool":1,"minecraft:dirt":9,"minecraft:red_concrete_powder":26,"minecraft:oak_sapling":2,"minecraft:cobblestone_wall":100,"minecraft:chain_command_block":3,"minecraft:repeating_command_block":24,"minecraft:dark_oak_fence_gate":2,"minecraft:white_concrete":14,"minecraft:cake":52,"minecraft:bone_meal":5},"minecraft:custom":{"minecraft:time_since_rest":167,"minecraft:sprint_one_cm":72148,"minecraft:damage_taken":1700,"minecraft:walk_one_cm":213971,"minecraft:drop":12,"minecraft:fly_one_cm":965359,"minecraft:crouch_one_cm":4762,"minecraft:play_one_minute":208527,"minecraft:deaths":74,"minecraft:sneak_time":5756,"minecraft:jump":572,"minecraft:eat_cake_slice":47,"minecraft:leave_game":19,"minecraft:time_since_death":140}},"DataVersion":2580}